location,words,box_idx,time
"(731, 489)",USS Nimitz(CVN-68,0,"September 16, 2019 11:49 AM"
"(787, 1135)",USS Bataan(LHD-5,1,"September 16, 2019 11:49 AM"
"(812, 541)",USS Bataan(LHD-5,1,"September 16, 2019 11:49 AM"
"(876, 3786)",Ronald reagan CSG,2,"September 16, 2019 11:49 AM"
"(904, 951)","(San Diego, Calif",4,"September 16, 2019 11:49 AM"
"(978, 2894)",USS Wasp(LHD-1) USS Dwight D. Eisenhower(CVN-69),3,"September 16, 2019 11:49 AM"
"(1118, 2685)",Abraham Lincoln CSG,5,"September 16, 2019 11:49 AM"
"(1118, 2685)",Boxer ARG,6,"September 16, 2019 11:49 AM"
"(769, 1136)",Harry s. Truman CSG,0,"August 5, 2019 11:35 AM"
"(870, 2727)",Boxer arg,1,"August 5, 2019 11:35 AM"
"(948, 2920)",Abraham Lincoln csg Ronald Reagan CSG,2,"August 5, 2019 11:35 AM"
"(1058, 3750)",Wasp ESG,3,"August 5, 2019 11:35 AM"
"(1450, 4157)",Wasp ESG,3,"August 5, 2019 11:35 AM"
"(760, 1175)",USS Bataan(LHD-5,1,"August 26, 2019 10:01 AM"
"(770, 3858)",Wasp eSG,4,"August 26, 2019 10:01 AM"
"(809, 3762)","(Yokosuka, Japan)",2,"August 26, 2019 10:01 AM"
"(837, 1060)","USS John C, Stennis(CVN-74)",5,"August 26, 2019 10:01 AM"
"(884, 2526)",Boxer Arg,3,"August 26, 2019 10:01 AM"
"(976, 2934)",Abraham Lincoln csg,6,"August 26, 2019 10:01 AM"
"(770, 3858)",Ronald reagan CSg,0,"August 26, 2019 10:01 AM"
"(770, 495)",America ARG,0,"October 7, 2019 10:37 AM"
"(964, 2898)",Abraham Lincoln CSG,1,"October 7, 2019 10:37 AM"
"(1088, 3655)",Ronald Reagan CSg,2,"October 7, 2019 10:37 AM"
"(1337, 921)",USS Wasp(LHD-1),4,"October 7, 2019 10:37 AM"
"(1088, 3655)",Boxer Arg,3,"October 7, 2019 10:37 AM"
"(791, 1136)",USS John C Stennis(CVN-74),1,"August 12, 2019 10:52 AM"
"(909, 3785)",Isp ESG,3,"August 12, 2019 10:52 AM"
"(913, 2805)",Boxer Arg,2,"August 12, 2019 10:52 AM"
"(960, 2917)",Abraham Lincoln cSg,4,"August 12, 2019 10:52 AM"
"(1154, 3829)",Ronald Reagan CSg,5,"August 12, 2019 10:52 AM"
"(791, 1136)",USS Dwight D. Eisenhower(CVN-69),0,"August 12, 2019 10:52 AM"
"(770, 3858)","(Yokosuka, Japanl",3,"September 9, 2019 11:37 AM"
"(787, 1135)",USS Dwight D. Eisenhower (CVN-69),2,"September 9, 2019 11:37 AM"
"(831, 144)",Wasp eSG,1,"September 9, 2019 11:37 AM"
"(884, 2526)",Boxer Arg,4,"September 9, 2019 11:37 AM"
"(886, 1038)",USS Bataan(LHD-5,5,"September 9, 2019 11:37 AM"
"(978, 2894)",Abraham Lincoln CSG,6,"September 9, 2019 11:37 AM"
"(770, 3858)",Ronald reagan csg,0,"September 9, 2019 11:37 AM"
"(834, 507)",USS Dwight D. Eisenhower(CVN-69),1,"September 23, 2019 12:21 PM"
"(853, 1047)",USS Nimitz(CVN-68,0,"September 23, 2019 12:21 PM"
"(978, 2894)",Abraham Lincoln csg,2,"September 23, 2019 12:21 PM"
"(1047, 3749)",Ronald Reagan CSG,3,"September 23, 2019 12:21 PM"
"(1199, 3089)",Boxer ARG,4,"September 23, 2019 12:21 PM"
"(791, 1136)",USS John C Stennis(CVN-74),0,"August 19, 2019 11:42 AM"
"(940, 3799)",Abraham Lincoln CSg,1,"August 19, 2019 11:42 AM"
"(963, 2955)",Boxer ARG,2,"August 19, 2019 11:42 AM"
"(1052, 2619)",Boxer ARG,2,"August 19, 2019 11:42 AM"
"(940, 3799)",Ronald reagan csg,3,"August 19, 2019 11:42 AM"
"(760, 1105)","(Norfolk, Va)",1,"September 30, 2019 10:26 AM"
"(972, 539)",USS Wasp(LHD-1,3,"September 30, 2019 10:26 AM"
"(978, 2916)",Abraham Lincoln csg,2,"September 30, 2019 10:26 AM"
"(1088, 3655)",Ronald Reagan CSg,4,"September 30, 2019 10:26 AM"
"(1227, 3615)",Boxer arg,5,"September 30, 2019 10:26 AM"
"(760, 1105)",USS John C Stennis(CVN-74),0,"September 30, 2019 10:26 AM"
"(770, 3858)","(Yokosuka, Japan)",1,"September 3, 2019 10:41 AM"
"(814, 4512)",Wasp ESG,2,"September 3, 2019 10:41 AM"
"(884, 2526)",Boxer Arg,4,"September 3, 2019 10:41 AM"
"(895, 1115)",USS Bataan(LHD-5),3,"September 3, 2019 10:41 AM"
"(970, 2876)",Abraham Lincoln CSG,5,"September 3, 2019 10:41 AM"
"(770, 3858)",Ronald reagan cSg,0,"September 3, 2019 10:41 AM"
"(970, 2876)","(Duqm, Oman)",6,"September 3, 2019 10:41 AM"
"(743, 451)",Theodore roosevelt csg,0,"July 22, 2019 12:51 PM"
"(793, 499)",Nimitz CSG,3,"July 22, 2019 12:51 PM"
"(800, 1105)",Harry s. Truman CSG,1,"July 22, 2019 12:51 PM"
"(885, 2748)",Boxer ArG,2,"July 22, 2019 12:51 PM"
"(999, 2859)",Abraham Lincoln csg,4,"July 22, 2019 12:51 PM"
"(1619, 4081)",Wasp ESG,6,"July 22, 2019 12:51 PM"
"(1659, 4133)",Ronald Reagan CSG,7,"July 22, 2019 12:51 PM"
"(999, 2859)","(Duqm, Oman)",5,"July 22, 2019 12:51 PM"
"(763, 1164)",CSG USS Bataan(LHD-5),1,"July 29, 2019 11:25 AM"
"(810, 496)",Theodore roosevelt,0,"July 29, 2019 11:25 AM"
"(852, 1065)",Harry s. truman CSG,4,"July 29, 2019 11:25 AM"
"(885, 2748)","(Manama, Bahrain)",3,"July 29, 2019 11:25 AM"
"(971, 2929)",Abraham lincoln csg,5,"July 29, 2019 11:25 AM"
"(1143, 4035)",Ronald Reagan CSG,6,"July 29, 2019 11:25 AM"
"(1619, 4081)",Wasp esg,7,"July 29, 2019 11:25 AM"
"(885, 2748)",Boxer ARG,2,"July 29, 2019 11:25 AM"
"(1619, 4081)","(Brisbane, Australia",8,"July 29, 2019 11:25 AM"
"(621, 497)",USS Theodore roosevelt (CvN-71),0,"May 27, 2019 11:14 AM"
"(697, 3951)",Ronald reagan CSG,1,"May 27, 2019 11:14 AM"
"(773, 3852)",Wasp EsG,2,"May 27, 2019 11:14 AM"
"(944, 2865)",Abraham Lincoln CSG,4,"May 27, 2019 11:14 AM"
"(1043, 4007)",Boxer ARg,6,"May 27, 2019 11:14 AM"
"(944, 2865)","(Yokosuka, Japan)",3,"May 27, 2019 11:14 AM"
"(944, 2865)",Kearsarge arg,5,"May 27, 2019 11:14 AM"
"(787, 1175)","USS Dwight D, Eisenhower(CVN-69)",0,"June 17, 2019 12:40 PM"
"(896, 2540)","(Aqaba, Jordan)",2,"June 17, 2019 12:40 PM"
"(957, 2909)",Abraham Lincoln CSg,4,"June 17, 2019 12:40 PM"
"(1047, 3757)",Ronald Reagan CSG,3,"June 17, 2019 12:40 PM"
"(1225, 3252)",Boxer ARG,5,"June 17, 2019 12:40 PM"
"(1639, 4150)",Wasp esG,6,"June 17, 2019 12:40 PM"
"(896, 2540)",Kearsarge arG,1,"June 17, 2019 12:40 PM"
"(582, 540)",USS Nimitz(CVN-68,0,"June 24, 2019 11:26 AM"
"(786, 496)",USS Theodore roosevelt (cvN-71,1,"June 24, 2019 11:26 AM"
"(796, 2473)",Abraham Lincoln CSG,3,"June 24, 2019 11:26 AM"
"(979, 2909)",Boxer ARG,5,"June 24, 2019 11:26 AM"
"(1047, 3757)",Ronald reagan CSG,4,"June 24, 2019 11:26 AM"
"(1108, 2976)",Boxer ARG,5,"June 24, 2019 11:26 AM"
"(1600, 4108)",Wasp esG,6,"June 24, 2019 11:26 AM"
"(796, 2473)",Kearsarge ARG,2,"June 24, 2019 11:26 AM"
"(944, 2865)",Kearsarge ARG,3,"June 3, 2019 9:41 AM"
"(949, 3781)",Wasp ESG,2,"June 3, 2019 9:41 AM"
"(1165, 3587)",Boxer arg,4,"June 3, 2019 9:41 AM"
"(949, 3781)",Ronald reagan csg,0,"June 3, 2019 9:41 AM"
"(944, 2865)",Abraham Lincoln CSG,1,"June 3, 2019 9:41 AM"
"(787, 1175)",USS Harry S. Truman(CVN-75),1,"June 10, 2019 10:48 AM"
"(1055, 2850)",Abraham Lincoln CSG,2,"June 10, 2019 10:48 AM"
"(1115, 3610)",Kearsarge ARg Boxer ARG,4,"June 10, 2019 10:48 AM"
"(1130, 2685)",Ronald reagan CSG,3,"June 10, 2019 10:48 AM"
"(1137, 3981)",Wasp esg,5,"June 10, 2019 10:48 AM"
"(1228, 3424)",Wasp esg,5,"June 10, 2019 10:48 AM"
"(787, 1175)",USS Dwight D. Eisenhower( CVN-69),0,"June 10, 2019 10:48 AM"
"(730, 452)",USS America(LHA-6),1,"July 15, 2019 12:49 PM"
"(767, 1213)",Bataan ARG,2,"July 15, 2019 12:49 PM"
"(804, 1093)",USS Dwight D. Eisenhower(CVN-69) Abraham LincoIn CSG,4,"July 15, 2019 12:49 PM"
"(807, 496)",Nimitz Csg,3,"July 15, 2019 12:49 PM"
"(993, 2886)",USS Dwight D. Eisenhower(CVN-69) Abraham LincoIn CSG,4,"July 15, 2019 12:49 PM"
"(1051, 2873)",Boxer ARg,8,"July 15, 2019 12:49 PM"
"(1557, 4155)",Wasp ESG,9,"July 15, 2019 12:49 PM"
"(1631, 4110)",Ronald Reagan CSG,10,"July 15, 2019 12:49 PM"
"(767, 1213)",Kearsarge ARG,0,"July 15, 2019 12:49 PM"
"(804, 1093)",Theodore roosevelt,5,"July 15, 2019 12:49 PM"
"(804, 1093)",Harry s. truman CSg,6,"July 15, 2019 12:49 PM"
"(807, 496)",CSG,7,"July 15, 2019 12:49 PM"
"(786, 496)",USS Theodore roosevelt,1,"July 8, 2019 1:39 PM"
"(799, 1131)","USS Harry S, Truman(CVN-75)",0,"July 8, 2019 1:39 PM"
"(842, 1654)",Kearsarge ARG,2,"July 8, 2019 1:39 PM"
"(979, 2909)",Abraham Lincoln CSG,3,"July 8, 2019 1:39 PM"
"(1120, 2652)",Boxer ARg,5,"July 8, 2019 1:39 PM"
"(1588, 4230)","(Brisbane, Australia)",7,"July 8, 2019 1:39 PM"
"(1638, 4066)",Wasp esG,8,"July 8, 2019 1:39 PM"
"(786, 496)",(CVN-71),4,"July 8, 2019 1:39 PM"
"(1588, 4230)",Ronald Reagan CSG,6,"July 8, 2019 1:39 PM"
"(748, 1984)","(Rota, Spain)",3,"July 1, 2019 11:40 AM"
"(786, 496)",USS Nimitz(CVN-68),2,"July 1, 2019 11:40 AM"
"(957, 2909)",Abraham Lincoln csg,4,"July 1, 2019 11:40 AM"
"(1113, 2712)",Boxer ARG,5,"July 1, 2019 11:40 AM"
"(1327, 4129)",Ronald reagan CSG,6,"July 1, 2019 11:40 AM"
"(1565, 4154)",Wasp ESG,7,"July 1, 2019 11:40 AM"
"(748, 1984)",Kearsarge ARG,0,"July 1, 2019 11:40 AM"
"(748, 1984)",USS Theodore roosevelt (cvN-71,1,"July 1, 2019 11:40 AM"
"(450, 505)",USS Theodore roosevelt(CVN-71),0,"May 13, 2019 11:53 AM"
"(738, 74)",Boxer ARG,1,"May 13, 2019 11:53 AM"
"(753, 3920)",Ronald reagan CSg,3,"May 13, 2019 11:53 AM"
"(814, 1137)",John C stennis CSg,2,"May 13, 2019 11:53 AM"
"(831, 3767)",Wasp esG,5,"May 13, 2019 11:53 AM"
"(944, 2865)",Kearsarge ARG,4,"May 13, 2019 11:53 AM"
"(1120, 2707)",Abraham Lincoln CSG,7,"May 13, 2019 11:53 AM"
"(944, 2865)","(Sasebo, Japan)",6,"May 13, 2019 11:53 AM"
"(450, 505)",USS Theodore roosevelt(CvN-71),0,"May 20, 2019 11:48 AM"
"(754, 4592)",Boxer arg,3,"May 20, 2019 11:48 AM"
"(773, 3852)","(Yokosuka, Japan)",2,"May 20, 2019 11:48 AM"
"(831, 3767)",Wasp ESG,6,"May 20, 2019 11:48 AM"
"(944, 2865)",Kearsarge arg,5,"May 20, 2019 11:48 AM"
"(773, 3852)",Ronald Reagan CSG,1,"May 20, 2019 11:48 AM"
"(944, 2865)",Abraham Lincoln CSG,4,"May 20, 2019 11:48 AM"
"(944, 2865)","(Sasebo, Japan)",7,"May 20, 2019 11:48 AM"
"(753, 3881)","(Yokosuka, Japan",2,"March 25, 2019 11:53 AM"
"(779, 499)",USS Boxer(LHD-4),3,"March 25, 2019 11:53 AM"
"(875, 3787)",Wasp ESG,5,"March 25, 2019 11:53 AM"
"(916, 2755)","(Manama, Bahrain)",4,"March 25, 2019 11:53 AM"
"(1111, 2748)",Kearsarge ARG,6,"March 25, 2019 11:53 AM"
"(753, 3881)",Ronald Reagan CSg,0,"March 25, 2019 11:53 AM"
"(753, 3881)",John c stennis csg,1,"March 25, 2019 11:53 AM"
"(753, 3881)","(Yokosuka, Japan",4,"April 8, 2019 10:58 AM"
"(779, 499)",(CVN-71),2,"April 8, 2019 10:58 AM"
"(781, 1145)",USS Harry S. Truman(CVN-75),3,"April 8, 2019 10:58 AM"
"(841, 1504)",Abraham Lincoln CSG,6,"April 8, 2019 10:58 AM"
"(869, 2727)",Kearsarge ARG,5,"April 8, 2019 10:58 AM"
"(962, 2895)",Abraham Lincoln CSG,6,"April 8, 2019 10:58 AM"
"(1095, 3667)",John c. stennis csg,7,"April 8, 2019 10:58 AM"
"(781, 1145)",USS Theodore roosevelt,0,"April 8, 2019 10:58 AM"
"(753, 3881)",Ronald Reagan CSG,1,"April 8, 2019 10:58 AM"
"(1095, 3667)",Wasp eSg,8,"April 8, 2019 10:58 AM"
"(753, 3881)","(Yokosuka, Japan",5,"April 1, 2019 12:07 PM"
"(779, 499)",USS Boxer(LHD-4),3,"April 1, 2019 12:07 PM"
"(809, 1107)",Abraham Lincoln csg,4,"April 1, 2019 12:07 PM"
"(915, 2799)",John C Stennis CSG,6,"April 1, 2019 12:07 PM"
"(1102, 3688)",Wasp esG,8,"April 1, 2019 12:07 PM"
"(1111, 2748)",Kearsarge ARG,7,"April 1, 2019 12:07 PM"
"(809, 1107)",USS Dwight D. Eisenhower CVN-69),0,"April 1, 2019 12:07 PM"
"(809, 1107)",USS Harry S. Truman(CVN-75),1,"April 1, 2019 12:07 PM"
"(753, 3881)",Ronald Reagan CSG,2,"April 1, 2019 12:07 PM"
"(1102, 3688)",Subic Bay Philippines),9,"April 1, 2019 12:07 PM"
"(721, 2160)",USS Dwight D. Eisenhower(CVN-69),4,"April 15, 2019 10:49 AM"
"(753, 3881)","(Yokosuka, Japan",2,"April 15, 2019 10:49 AM"
"(781, 1145)",Abraham Lincoln CSG,0,"April 15, 2019 10:49 AM"
"(869, 2727)",Kearsarge ARG,3,"April 15, 2019 10:49 AM"
"(973, 3770)",Wasp esg,5,"April 15, 2019 10:49 AM"
"(1006, 2582)",John C Stennis CSG,6,"April 15, 2019 10:49 AM"
"(753, 3881)",Ronald Reagan CSG,1,"April 15, 2019 10:49 AM"
"(753, 3881)","(Yokosuka, Japan",2,"March 18, 2019 11:02 AM"
"(770, 1151)",USS Boxer(LHD-4),4,"March 18, 2019 11:02 AM"
"(811, 496)",USS Harry S. Truman CVN-75),1,"March 18, 2019 11:02 AM"
"(825, 3768)","John C Stennis CSG ( Sasebo, Japan)",5,"March 18, 2019 11:02 AM"
"(1011, 2935)",Kearsarge arg,6,"March 18, 2019 11:02 AM"
"(1064, 2851)",Kearsarge arg,6,"March 18, 2019 11:02 AM"
"(753, 3881)",Ronald Reagan CSg,0,"March 18, 2019 11:02 AM"
"(825, 3768)",Wasp ESG,3,"March 18, 2019 11:02 AM"
"(753, 3881)","( Yokosuka, Japan)",1,"January 22, 2019 11:27 AM"
"(830, 510)",USS Boxer(LHD-4),2,"January 22, 2019 11:27 AM"
"(879, 3727)",Wasp ESG,4,"January 22, 2019 11:27 AM"
"(955, 2895)",John c. stennis csg,3,"January 22, 2019 11:27 AM"
"(1118, 2717)",Kearsarge ARG,5,"January 22, 2019 11:27 AM"
"(1187, 3098)",Essex ARg,6,"January 22, 2019 11:27 AM"
"(753, 3881)",Ronald reagan csg,0,"January 22, 2019 11:27 AM"
"(750, 3881)","(Yokosuka, Japan)",1,"January 28, 2019 12:35 PM"
"(827, 510)",USS Abraham Lincoln(CVN-72),3,"January 28, 2019 12:35 PM"
"(836, 1090)",USS Boxer(LHD-4),2,"January 28, 2019 12:35 PM"
"(877, 3727)",Wasp eSg,5,"January 28, 2019 12:35 PM"
"(934, 2858)",Kearsarge ARG,4,"January 28, 2019 12:35 PM"
"(1140, 3393)",Essex ARG,6,"January 28, 2019 12:35 PM"
"(1248, 3225)",John C Stennis CSG,7,"January 28, 2019 12:35 PM"
"(750, 3881)",Ronald Reagan CSG,0,"January 28, 2019 12:35 PM"
"(753, 3881)","(Yokosuka, Japan)",1,"January 14, 2019 10:19 AM"
"(874, 2727)",John C stennis CSG,2,"January 14, 2019 10:19 AM"
"(923, 3770)",Wasp ESG,3,"January 14, 2019 10:19 AM"
"(945, 2912)",Essex ARG,5,"January 14, 2019 10:19 AM"
"(979, 2579)",Kearsarge arg,4,"January 14, 2019 10:19 AM"
"(753, 3881)",Ronald reagan csg,0,"January 14, 2019 10:19 AM"
"(753, 3881)","(Yokosuka, Japan)",4,"February 25, 2019 11:32 AM"
"(770, 487)",Essex arg,3,"February 25, 2019 11:32 AM"
"(825, 3768)",Wasp esG,6,"February 25, 2019 11:32 AM"
"(859, 1067)",USS Abraham Lincoln(CVN-72),7,"February 25, 2019 11:32 AM"
"(907, 2763)",Kearsarge arg,5,"February 25, 2019 11:32 AM"
"(1162, 3590)",John c. stennis csg,10,"February 25, 2019 11:32 AM"
"(770, 487)",USS Boxer(LHD-4),0,"February 25, 2019 11:32 AM"
"(770, 487)",USS Theodore roosevelt(CVN-71),1,"February 25, 2019 11:32 AM"
"(753, 3881)",Ronald reagan CSg,2,"February 25, 2019 11:32 AM"
"(825, 3768)","(Sasebo, Japan)",8,"February 25, 2019 11:32 AM"
"(859, 1067)",USS Bataan(LHD-5),9,"February 25, 2019 11:32 AM"
"(753, 3881)","(Yokosuka, Japan)",2,"February 19, 2019 1:51 PM"
"(801, 462)",USS Boxer(LHD-4) USS Bataan(LHD-5,3,"February 19, 2019 1:51 PM"
"(825, 3768)","(Manama, Bahrain) Wasp ESG",5,"February 19, 2019 1:51 PM"
"(859, 1067)",USS Abraham Lincoln(CVN-72),1,"February 19, 2019 1:51 PM"
"(907, 2763)","Sasebo, Japan) Essex arG",6,"February 19, 2019 1:51 PM"
"(920, 4526)","Sasebo, Japan) Essex arG",6,"February 19, 2019 1:51 PM"
"(1163, 3568)",John c stennis CSg,9,"February 19, 2019 1:51 PM"
"(753, 3881)",Ronald reagan CSG,0,"February 19, 2019 1:51 PM"
"(753, 3881)",Kearsarge aRG,4,"February 19, 2019 1:51 PM"
"(920, 4526)",(Pearl Harbor,7,"February 19, 2019 1:51 PM"
"(1163, 3568)",Hawaii),8,"February 19, 2019 1:51 PM"
"(371, 2110)",Iwo Jima Arg,0,"November 5, 2018 1:41 PM"
"(727, 4557)",John c stennis csg,2,"November 5, 2018 1:41 PM"
"(763, 1919)",USS George H W. Bush(CVN-77),1,"November 5, 2018 1:41 PM"
"(777, 1161)",Harry s. Truman CSG,3,"November 5, 2018 1:41 PM"
"(825, 459)",USS Carl Vinson(CVN-70),5,"November 5, 2018 1:41 PM"
"(857, 3838)",Ronald Reagan CSG,6,"November 5, 2018 1:41 PM"
"(894, 2764)",Harry s. Truman CSG,3,"November 5, 2018 1:41 PM"
"(894, 2764)",Essex aRG,4,"November 5, 2018 1:41 PM"
"(410, 2183)","(Oslo, Norway)",1,"November 13, 2018 10:31 AM"
"(721, 1958)","(Lisbon, Portugal)",4,"November 13, 2018 10:31 AM"
"(799, 3802)","(Sasebo, Japan)",5,"November 13, 2018 10:31 AM"
"(886, 3713)",Ronald Reagan CSg,6,"November 13, 2018 10:31 AM"
"(886, 2764)",Essex arg,7,"November 13, 2018 10:31 AM"
"(954, 3936)",John C Stennis CSG,8,"November 13, 2018 10:31 AM"
"(410, 2183)",Iwo Jima ARG,0,"November 13, 2018 10:31 AM"
"(721, 1958)",Harry s. truman CSG,2,"November 13, 2018 10:31 AM"
"(799, 3802)",Wasp ESG,3,"November 13, 2018 10:31 AM"
"(539, 2005)",Iwo Jima ARG,0,"November 19, 2018 7:55 AM"
"(719, 2107)",Harry s. Truman CSG,2,"November 19, 2018 7:55 AM"
"(804, 3802)","( Sasebo, Japan)",3,"November 19, 2018 7:55 AM"
"(890, 2764)",Essex ARG,4,"November 19, 2018 7:55 AM"
"(1025, 3656)",Ronald Reagan csg,5,"November 19, 2018 7:55 AM"
"(1130, 3787)",John c. stennis CSG,6,"November 19, 2018 7:55 AM"
"(804, 3802)",Wasp ESg,1,"November 19, 2018 7:55 AM"
"(734, 2311)",Harry s. Truman CSG,1,"November 26, 2018 9:45 AM"
"(775, 1329)",lwo Jima ARG,0,"November 26, 2018 9:45 AM"
"(808, 3802)","(Sasebo, Japan)",3,"November 26, 2018 9:45 AM"
"(872, 2721)",Essex arG,4,"November 26, 2018 9:45 AM"
"(1002, 3635)",Ronald reagan CSG,5,"November 26, 2018 9:45 AM"
"(1297, 3490)",John c stennis CSG,6,"November 26, 2018 9:45 AM"
"(808, 3802)",Wasp ESG,2,"November 26, 2018 9:45 AM"
"(1297, 3490)",(Singapore),7,"November 26, 2018 9:45 AM"
"(753, 3881)","(Yokosuka, Japan)",1,"February 11, 2019 1:52 PM"
"(816, 3920)",Wasp esG,4,"February 11, 2019 1:52 PM"
"(859, 1067)",USS Abraham Lincoln(CVN-72),2,"February 11, 2019 1:52 PM"
"(995, 2901)",Kearsarge arg,3,"February 11, 2019 1:52 PM"
"(1120, 3999)",John C stennis CSG,6,"February 11, 2019 1:52 PM"
"(1126, 3443)",Essex arg,5,"February 11, 2019 1:52 PM"
"(753, 3881)",Ronald reagan csg,0,"February 11, 2019 1:52 PM"
"(1120, 3999)",(Laem Chabang thailand),7,"February 11, 2019 1:52 PM"
"(753, 3881)","(Yokosuka, Japan)",2,"February 4, 2019 11:48 AM"
"(800, 1152)",USS Abraham Lincoln(CVN-72,1,"February 4, 2019 11:48 AM"
"(927, 3785)",Wasp ESG,3,"February 4, 2019 11:48 AM"
"(995, 2901)",Kearsarge ARG,4,"February 4, 2019 11:48 AM"
"(1131, 3688)",Essex Arg,5,"February 4, 2019 11:48 AM"
"(1382, 3563)",John C. Stennis CSG,6,"February 4, 2019 11:48 AM"
"(753, 3881)",Ronald reagan CSg,0,"February 4, 2019 11:48 AM"
"(774, 491)",USS John C Stennis (CVN-74),0,"August 20, 2018 9:23 AM"
"(835, 3700)",Ronald reagan CSg,1,"August 20, 2018 9:23 AM"
"(846, 1031)",USS Abraham Lincoln(CVN-72),2,"August 20, 2018 9:23 AM"
"(913, 3737)",Wasp ESg,3,"August 20, 2018 9:23 AM"
"(1217, 3620)",Essex ARG,4,"August 20, 2018 9:23 AM"
"(747, 1201)",USS Kearsarge(LHD-3),1,"September 10, 2018 11:55 AM"
"(766, 491)",USS John C. stennis,2,"September 10, 2018 11:55 AM"
"(873, 3769)",Wasp EsG,3,"September 10, 2018 11:55 AM"
"(1051, 3779)",Ronald Reagan CSG,6,"September 10, 2018 11:55 AM"
"(1101, 2788)",Essex ARG,5,"September 10, 2018 11:55 AM"
"(747, 1201)",USS Harry S. Truman(CVN-75),0,"September 10, 2018 11:55 AM"
"(766, 491)",(CVN-74),4,"September 10, 2018 11:55 AM"
"(525, 1834)",USS Harry S. Truman (CVN-75),0,"September 17, 2018 11:36 AM"
"(788, 1164)",USS George H W. Bush(CVN-77,1,"September 17, 2018 11:36 AM"
"(1074, 3881)",Wasp esG,5,"September 17, 2018 11:36 AM"
"(1118, 2736)",Essex ARG,4,"September 17, 2018 11:36 AM"
"(1074, 3881)",Ronald Reagan CSG,2,"September 17, 2018 11:36 AM"
"(788, 1164)",USS Kearsarge(LHD-3),3,"September 17, 2018 11:36 AM"
"(273, 2188)",Harry s. Truman CSg,0,"October 29, 2018 11:40 AM"
"(335, 2025)",Iwo Jima arg,1,"October 29, 2018 11:40 AM"
"(768, 1161)",USS Kearsarge(LHD-3),2,"October 29, 2018 11:40 AM"
"(859, 440)",USS Boxer(LHD-4),5,"October 29, 2018 11:40 AM"
"(875, 3697)",Wasp ESG,4,"October 29, 2018 11:40 AM"
"(886, 2763)",Essex ARg,3,"October 29, 2018 11:40 AM"
"(891, 3774)",Ronald reagan CSg,6,"October 29, 2018 11:40 AM"
"(859, 440)",USS Carl Vinson (CVN-70),7,"October 29, 2018 11:40 AM"
"(859, 440)",USS John C Stennis(CVN-74),8,"October 29, 2018 11:40 AM"
"(758, 1157)",USS Kearsarge(LHD-3),1,"June 18, 2018 10:39 AM"
"(758, 2313)",Harry s. Truman CSG,2,"June 18, 2018 10:39 AM"
"(785, 3839)","(Sasebo, Japan)",5,"June 18, 2018 10:39 AM"
"(801, 548)",USS John C Stennis(CVN-74),6,"June 18, 2018 10:39 AM"
"(833, 3774)","(Tokyo, Japan)",4,"June 18, 2018 10:39 AM"
"(916, 2779)",lwo Jima ArG,8,"June 18, 2018 10:39 AM"
"(1111, 3979)",Ronald Reagan CSg,9,"June 18, 2018 10:39 AM"
"(785, 3839)",USNS Mercy(T-AH-19),0,"June 18, 2018 10:39 AM"
"(785, 3839)",Wasp ESG,3,"June 18, 2018 10:39 AM"
"(801, 548)","San Diego, Calif",7,"June 18, 2018 10:39 AM"
"(774, 492)",USS Kearsarge(LHD-3),2,"August 27, 2018 11:11 AM"
"(782, 1132)",USS John C Stennis,3,"August 27, 2018 11:11 AM"
"(835, 3700)",Ronald reagan cSg,4,"August 27, 2018 11:11 AM"
"(913, 3758)",Wasp ESG,6,"August 27, 2018 11:11 AM"
"(1217, 3621)",Essex ARG,7,"August 27, 2018 11:11 AM"
"(782, 1132)",USS Abraham Lincoln(CVN-72),0,"August 27, 2018 11:11 AM"
"(782, 1132)",USS George H W. Bush(CVN-77),1,"August 27, 2018 11:11 AM"
"(774, 492)",(CVN-74),5,"August 27, 2018 11:11 AM"
"(736, 1167)",USS Theodore roosevelt,3,"March 4, 2019 10:42 AM"
"(753, 3881)","(Yokosuka, Japan)",2,"March 4, 2019 10:42 AM"
"(770, 487)",USS Bataan(LHD-5,1,"March 4, 2019 10:42 AM"
"(825, 3768)",Wasp esG,5,"March 4, 2019 10:42 AM"
"(961, 2897)",Kearsarge ARG,4,"March 4, 2019 10:42 AM"
"(1297, 3492)",John c. stennis csg,8,"March 4, 2019 10:42 AM"
"(753, 3881)",Ronald reagan CSg,0,"March 4, 2019 10:42 AM"
"(770, 487)",(CVN-71),6,"March 4, 2019 10:42 AM"
"(825, 3768)","Sasebo, Japan)",7,"March 4, 2019 10:42 AM"
"(611, 2030)",Harry s. Truman CSG,0,"July 9, 2018 11:15 AM"
"(829, 3774)","(Sasebo, Japan)",2,"July 9, 2018 11:15 AM"
"(896, 4385)",Ronald reagan cSg,5,"July 9, 2018 11:15 AM"
"(909, 2531)",Iwo Jima ARG,4,"July 9, 2018 11:15 AM"
"(940, 3722)",Ronald reagan cSg,5,"July 9, 2018 11:15 AM"
"(829, 3774)",Wasp esG,1,"July 9, 2018 11:15 AM"
"(829, 3774)",Carl vinson CSg,3,"July 9, 2018 11:15 AM"
"(607, 1979)",Harry s. Truman CSg,0,"July 2, 2018 10:49 AM"
"(828, 3775)",Carl Vinson CSG,3,"July 2, 2018 10:49 AM"
"(895, 4386)","(Sasebo, Japan)",2,"July 2, 2018 10:49 AM"
"(1060, 2623)",Iwo Jima Arg,4,"July 2, 2018 10:49 AM"
"(1108, 3675)",Ronald reagan CSG,5,"July 2, 2018 10:49 AM"
"(828, 3775)",Wasp esG,1,"July 2, 2018 10:49 AM"
"(769, 470)",(CVN-74),3,"April 16, 2018 1:16 PM"
"(769, 1162)",Harry s. Truman CSG,4,"April 16, 2018 1:16 PM"
"(778, 3847)",Ronald reagan csg,1,"April 16, 2018 1:16 PM"
"(794, 3748)",Ronald reagan csg,1,"April 16, 2018 1:16 PM"
"(856, 1060)",USS Kearsarge(LHD-3),6,"April 16, 2018 1:16 PM"
"(893, 2521)",lwo Jima ARG,7,"April 16, 2018 1:16 PM"
"(899, 3706)","(Sasebo, Japan)",5,"April 16, 2018 1:16 PM"
"(1149, 3861)",Theodore roosevelt csg,10,"April 16, 2018 1:16 PM"
"(769, 1162)",USS John C. stennis,0,"April 16, 2018 1:16 PM"
"(778, 3847)","Bonhomme Richard ESG ( Yokosuka, Japan,",2,"April 16, 2018 1:16 PM"
"(899, 3706)",Wasp esG,8,"April 16, 2018 1:16 PM"
"(1149, 3861)","(DEP Agaba, Jordan)",9,"April 16, 2018 1:16 PM"
"(575, 532)",USS John C. Stennis(CVN-74),0,"June 25, 2018 11:44 AM"
"(652, 2151)","(Marseille, france)",2,"June 25, 2018 11:44 AM"
"(754, 1154)",USS George H W. Bush(CVN-77),4,"June 25, 2018 11:44 AM"
"(829, 3773)","(Sasebo, Japan)",5,"June 25, 2018 11:44 AM"
"(891, 4533)",Carl Vinson CSg,6,"June 25, 2018 11:44 AM"
"(913, 2777)",Iwo Jima ARg,8,"June 25, 2018 11:44 AM"
"(1109, 3673)",Ronald Reagan CSG,9,"June 25, 2018 11:44 AM"
"(652, 2151)",Harry s. truman CSG,1,"June 25, 2018 11:44 AM"
"(829, 3773)",Wasp EsG,3,"June 25, 2018 11:44 AM"
"(754, 1154)",USS Kearsarge(LHD-3),7,"June 25, 2018 11:44 AM"
"(715, 483)",USS John C Stennis( CVN-74),0,"April 9, 2018 2:01 PM"
"(783, 171)",Carl Vinson CSg,3,"April 9, 2018 2:01 PM"
"(797, 3840)","(Yokosuka, Japan)",2,"April 9, 2018 2:01 PM"
"(885, 3774)",Wasp ESG,4,"April 9, 2018 2:01 PM"
"(1111, 2757)",Iwo Jima ArG,6,"April 9, 2018 2:01 PM"
"(1184, 3507)",Theodore Roosevelt CSG,7,"April 9, 2018 2:01 PM"
"(797, 3840)",Ronald reagan CSg,1,"April 9, 2018 2:01 PM"
"(885, 3774)",Bonhomme Richard ESG,5,"April 9, 2018 2:01 PM"
"(717, 477)",(CVN-74),2,"April 23, 2018 10:09 AM"
"(745, 1158)",(CVN-77,3,"April 23, 2018 10:09 AM"
"(761, 1948)",Harry s. truman CSg,4,"April 23, 2018 10:09 AM"
"(799, 3843)","(Yokosuka, Japan)",6,"April 23, 2018 10:09 AM"
"(858, 919)",USS Kearsarge(LHD-3,7,"April 23, 2018 10:09 AM"
"(888, 3776)",Wasp esG,8,"April 23, 2018 10:09 AM"
"(890, 2534)",Iwo Jima ARG,9,"April 23, 2018 10:09 AM"
"(1072, 4380)",Theodore roosevelt csg,12,"April 23, 2018 10:09 AM"
"(717, 477)",USS John C. Stennis,0,"April 23, 2018 10:09 AM"
"(745, 1158)",USS George H W. Bush,1,"April 23, 2018 10:09 AM"
"(799, 3843)",Ronald Reagan CSG,5,"April 23, 2018 10:09 AM"
"(858, 919)",(New Orleans la),10,"April 23, 2018 10:09 AM"
"(1072, 4380)",USS Bonhomme Richard(LHD-6),11,"April 23, 2018 10:09 AM"
"(762, 1253)",USS Kearsarge(LHD-3),1,"September 4, 2018 11:43 AM"
"(774, 493)",USS John C Stennis,3,"September 4, 2018 11:43 AM"
"(880, 3769)",Wasp eSG,2,"September 4, 2018 11:43 AM"
"(1057, 3780)",Ronald Reagan CSG,6,"September 4, 2018 11:43 AM"
"(1111, 2851)",Essex ARG,5,"September 4, 2018 11:43 AM"
"(762, 1253)","USS Harry S, Truman(CVN-75)",0,"September 4, 2018 11:43 AM"
"(774, 493)",(CVN-74),4,"September 4, 2018 11:43 AM"
"(749, 458)",(CVN-74),6,"May 14, 2018 10:28 AM"
"(786, 2482)","(Sasebo, Japan)",7,"May 14, 2018 10:28 AM"
"(799, 3843)","(Sasebo, Japan)",7,"May 14, 2018 10:28 AM"
"(804, 1105)",USS Kearsarge(LHD-3),3,"May 14, 2018 10:28 AM"
"(833, 3777)","(Yokosuka, Japan)",5,"May 14, 2018 10:28 AM"
"(845, 1061)",USS George H w. Bush,8,"May 14, 2018 10:28 AM"
"(890, 2533)",Iwo Jima ARG,9,"May 14, 2018 10:28 AM"
"(749, 458)",USS John C Stennis,0,"May 14, 2018 10:28 AM"
"(786, 2482)",Harry s. Truman CSG,1,"May 14, 2018 10:28 AM"
"(799, 3843)",Ronald reagan csg,2,"May 14, 2018 10:28 AM"
"(799, 3843)",Wasp esG,4,"May 14, 2018 10:28 AM"
"(845, 1061)",(CVN-77),10,"May 14, 2018 10:28 AM"
"(704, 1449)","Harry s,Truman CSG",0,"July 16, 2018 1:28 PM"
"(795, 2484)",Iwo Jima ARG,2,"July 16, 2018 1:28 PM"
"(831, 3774)","Sasebo, Japan)",4,"July 16, 2018 1:28 PM"
"(865, 398)",Essex Arg,3,"July 16, 2018 1:28 PM"
"(897, 4385)","Sasebo, Japan)",4,"July 16, 2018 1:28 PM"
"(942, 3722)",Carl vinson csg,6,"July 16, 2018 1:28 PM"
"(831, 3774)",Wasp eSG,1,"July 16, 2018 1:28 PM"
"(942, 3722)",Ronald Reagan CSG,5,"July 16, 2018 1:28 PM"
"(942, 3722)",USS Bonhomme Richard (LHD-6),7,"July 16, 2018 1:28 PM"
"(792, 1138)",USS John C stennis,5,"January 22, 2018 12:38 PM"
"(798, 3839)","(In port: Yokosuka, Japan)",3,"January 22, 2018 12:38 PM"
"(805, 509)",(CVN-78),2,"January 22, 2018 12:38 PM"
"(829, 3772)",Theodore roosevelt csg,4,"January 22, 2018 12:38 PM"
"(886, 2735)",Bonhomme richard ESG America ARG,6,"January 22, 2018 12:38 PM"
"(1102, 4455)","(n port: Sasebo, Japan)15 MEU",8,"January 22, 2018 12:38 PM"
"(792, 1138)",USS Gerald ford,0,"January 22, 2018 12:38 PM"
"(798, 3839)",Ronald Reagan CSG,1,"January 22, 2018 12:38 PM"
"(805, 509)",(cVN-74),7,"January 22, 2018 12:38 PM"
"(1102, 4455)",Carl Vinson CSG,9,"January 22, 2018 12:38 PM"
"(781, 1129)",Uss Harry S. Truman ic∨N·75},2,"February 12, 2018 5:15 PM"
"(786, 3835)","IIn port: Sasebo, fapany",5,"February 12, 2018 5:15 PM"
"(817, 3768)",The odore Roo event (SG wasp ESG,3,"February 12, 2018 5:15 PM"
"(874, 2729)","IIn port: Sasebo, fapany",5,"February 12, 2018 5:15 PM"
"(878, 1045)",vo」 ima ARO,4,"February 12, 2018 5:15 PM"
"(1064, 3598)",Carl virion (SG,6,"February 12, 2018 5:15 PM"
"(1161, 3464)",Bonhomme Richard fsg,7,"February 12, 2018 5:15 PM"
"(786, 3835)",R幻na团 d reag出C5,0,"February 12, 2018 5:15 PM"
"(786, 3835)","(in part: YokOsuka, Japan)",1,"February 12, 2018 5:15 PM"
"(796, 3839)",Ronald reagan CSG(In port),2,"January 29, 2018 11:20 AM"
"(812, 1098)",USS Abraham Lincoln,4,"January 29, 2018 11:20 AM"
"(820, 432)",(CVN-74),1,"January 29, 2018 11:20 AM"
"(827, 3772)",Wasp ESg ( In port),5,"January 29, 2018 11:20 AM"
"(884, 2734)",Bonhomme Richard ESG Carl vinson CSG,8,"January 29, 2018 11:20 AM"
"(910, 3752)",Bonhomme Richard ESG Carl vinson CSG,8,"January 29, 2018 11:20 AM"
"(949, 4032)",Bonhomme Richard ESG Carl vinson CSG,8,"January 29, 2018 11:20 AM"
"(965, 316)",America arg,6,"January 29, 2018 11:20 AM"
"(812, 1098)",USS John c stennis,0,"January 29, 2018 11:20 AM"
"(884, 2734)",Theodore roosevelt csG,3,"January 29, 2018 11:20 AM"
"(965, 316)",(CVN-72),7,"January 29, 2018 11:20 AM"
"(965, 316)",15 MEU,9,"January 29, 2018 11:20 AM"
"(791, 1127)",Theodore roosevelt csg,0,"February 5, 2018 11:52 AM"
"(843, 3902)",Carl Vinson CSG,1,"February 5, 2018 11:52 AM"
"(887, 2732)",USS Abraham Lincoln(CVN-72),2,"February 5, 2018 11:52 AM"
"(1123, 3814)",Bonhomme richard esg,4,"February 5, 2018 11:52 AM"
"(887, 2732)",USS Harry s. truman( CVN-75),3,"February 5, 2018 11:52 AM"
"(801, 3837)","(In part: Yokosuka, Japany",3,"February 22, 2018 11:04 AM"
"(817, 1088)",【CvF·75,2,"February 22, 2018 11:04 AM"
"(832, 3771)",Was5S〔,5,"February 22, 2018 11:04 AM"
"(889, 2734)",Theodore r0 osevett o5〔,4,"February 22, 2018 11:04 AM"
"(929, 1566)",【CvF·75,2,"February 22, 2018 11:04 AM"
"(1164, 3686)",";g「【: Sasebo,Jap:?}",6,"February 22, 2018 11:04 AM"
"(1170, 3468)",tLdem Chelan. 1hdilandi,8,"February 22, 2018 11:04 AM"
"(817, 1088)",UJSS HaIry > TiLan3,0,"February 22, 2018 11:04 AM"
"(801, 3837)",Ronald reagan csg,1,"February 22, 2018 11:04 AM"
"(1164, 3686)",Bonhotrunt: Richard ESG (ari VinsontSG,7,"February 22, 2018 11:04 AM"
"(798, 3836)","(In port: Yokostlk3, Japan!",3,"February 26, 2018 11:12 AM"
"(813, 1082)",CVF∴75,2,"February 26, 2018 11:12 AM"
"(828, 3769)",255) tk,4,"February 26, 2018 11:12 AM"
"(885, 2731)",Iwo /ind ARG Theodore Roosevelt CSG,5,"February 26, 2018 11:12 AM"
"(921, 1628)",CVF∴75,2,"February 26, 2018 11:12 AM"
"(1162, 3640)","n;ort:sd5Fh们,Jaa}",6,"February 26, 2018 11:12 AM"
"(1165, 3466)",fLaem Cteebarg. Thailand),8,"February 26, 2018 11:12 AM"
"(813, 1082)",Uss Harry> Nardil,0,"February 26, 2018 11:12 AM"
"(798, 3836)",Rosald reagan ts(,1,"February 26, 2018 11:12 AM"
"(1162, 3640)",Ba扑 honinttee Richard EsG〔 er Vin5S,7,"February 26, 2018 11:12 AM"
"(674, 471)",USS Essex(LHD-2,1,"May 7, 2018 10:30 AM"
"(780, 2503)",USS Kearsarge(LHD-3,2,"May 7, 2018 10:30 AM"
"(793, 3839)","(Sasebo, Japan)",8,"May 7, 2018 10:30 AM"
"(799, 1106)",USS Kearsarge(LHD-3,2,"May 7, 2018 10:30 AM"
"(828, 3774)","(Yokosuka, Japan)",6,"May 7, 2018 10:30 AM"
"(829, 494)",Theodore,7,"May 7, 2018 10:30 AM"
"(885, 2532)",Iwo Jima ARG,12,"May 7, 2018 10:30 AM"
"(891, 1062)",USS Abraham Lincoln,10,"May 7, 2018 10:30 AM"
"(1185, 3162)",USNS Mercy(T-AH-19),14,"May 7, 2018 10:30 AM"
"(674, 471)",USS John C Stennis (CVN-74),0,"May 7, 2018 10:30 AM"
"(780, 2503)",Harry s. truman CSG,3,"May 7, 2018 10:30 AM"
"(793, 3839)",Ronald Reagan cSg,4,"May 7, 2018 10:30 AM"
"(793, 3839)",Wasp ESG,5,"May 7, 2018 10:30 AM"
"(891, 1062)",Roosevelt csg,9,"May 7, 2018 10:30 AM"
"(891, 1062)",USS Bonhomme Richard (CVN-72),11,"May 7, 2018 10:30 AM"
"(829, 494)",(LHD-6),13,"May 7, 2018 10:30 AM"
"(1185, 3162)","(Trincomalee, Sri Lanka)",15,"May 7, 2018 10:30 AM"
"(752, 2068)",Harry s. Truman CSG,4,"April 30, 2018 11:15 AM"
"(778, 1139)",(CVN-72),3,"April 30, 2018 11:15 AM"
"(796, 3843)","Sasebo, Japan)",8,"April 30, 2018 11:15 AM"
"(827, 481)",(LHD-2),7,"April 30, 2018 11:15 AM"
"(830, 3778)","(Yokosuka, Japan)",6,"April 30, 2018 11:15 AM"
"(882, 1022)",USS Kearsarge(LHD-3),9,"April 30, 2018 11:15 AM"
"(887, 2533)",Iwo Jima arg,10,"April 30, 2018 11:15 AM"
"(913, 4534)",USS Bonhomme Richard(LHD-6),11,"April 30, 2018 11:15 AM"
"(1209, 3177)",Theodore Roosevelt CSg,15,"April 30, 2018 11:15 AM"
"(752, 2068)",USS Abraham Lincoln,0,"April 30, 2018 11:15 AM"
"(796, 3843)",Ronald Reagan CSG,1,"April 30, 2018 11:15 AM"
"(827, 481)",USS Essex,2,"April 30, 2018 11:15 AM"
"(796, 3843)",Wasp esg,5,"April 30, 2018 11:15 AM"
"(882, 1022)","(Port Everglades, FLa",12,"April 30, 2018 11:15 AM"
"(1209, 3177)","(Pearl Harbor, Hawaii",13,"April 30, 2018 11:15 AM"
"(1209, 3177)",USNS Mercy(T-AH-19,14,"April 30, 2018 11:15 AM"
"(1209, 3177)","(Trincomalee, Sri Lanka) (Peal Harbor, Hawaii)",16,"April 30, 2018 11:15 AM"
"(763, 1132)",USS George H W. Bush (CVN-77),1,"October 30, 2017 1:27 PM"
"(766, 3761)",Ronald Reagan CSg,2,"October 30, 2017 1:27 PM"
"(852, 1060)",USS Harry S. Truman(CVN-75,3,"October 30, 2017 1:27 PM"
"(863, 481)",USS Carl vinson,5,"October 30, 2017 1:27 PM"
"(903, 4230)",USS Theodore roosevelt,8,"October 30, 2017 1:27 PM"
"(1067, 1188)",USS Abraham Lincoln(CVN-72),6,"October 30, 2017 1:27 PM"
"(1099, 2810)",15 MEU,7,"October 30, 2017 1:27 PM"
"(1227, 3155)",Nimitz CSG,12,"October 30, 2017 1:27 PM"
"(763, 1132)",USS lwo Jima(LHD-7,0,"October 30, 2017 1:27 PM"
"(766, 3761)",America ARG,4,"October 30, 2017 1:27 PM"
"(863, 481)",(CVN-70),9,"October 30, 2017 1:27 PM"
"(1067, 1188)",USS Kearsarge(LHD-3,10,"October 30, 2017 1:27 PM"
"(1227, 3155)",(CVN-71,11,"October 30, 2017 1:27 PM"
"(611, 522)",(CVN-74),2,"November 6, 2017 9:09 PM"
"(759, 1135)",USS Gerald R. Ford (cvN-78,3,"November 6, 2017 9:09 PM"
"(762, 3761)",Ronald reagan CSG,5,"November 6, 2017 9:09 PM"
"(848, 1063)",USS Abraham Lincoln(CVN-72),7,"November 6, 2017 9:09 PM"
"(859, 483)",USS Carl Vinson,8,"November 6, 2017 9:09 PM"
"(908, 2764)",15 MEU,6,"November 6, 2017 9:09 PM"
"(1035, 3882)",Theodore roosevelt csg,9,"November 6, 2017 9:09 PM"
"(1206, 3518)",Nimitz csg,11,"November 6, 2017 9:09 PM"
"(611, 522)",USS John C stennis,0,"November 6, 2017 9:09 PM"
"(611, 522)",USS Iwo Jima(LHD-7),1,"November 6, 2017 9:09 PM"
"(762, 3761)",America ARG,4,"November 6, 2017 9:09 PM"
"(859, 483)",(CVN-70),10,"November 6, 2017 9:09 PM"
"(781, 1132)",USS lwo Jima(LHD-7),0,"November 27, 2017 2:18 PM"
"(837, 3826)",Nimitz CSG,3,"November 27, 2017 2:18 PM"
"(855, 2723)",15 MEU,2,"November 27, 2017 2:18 PM"
"(917, 4530)",Ronald Reagan CSG (In port,4,"November 27, 2017 2:18 PM"
"(1116, 2971)",Theodore roosevelt cSG,6,"November 27, 2017 2:18 PM"
"(1335, 1579)",USS Wasp (LHD-1),7,"November 27, 2017 2:18 PM"
"(855, 2723)",America ARG,1,"November 27, 2017 2:18 PM"
"(917, 4530)",Pearl Harbor,5,"November 27, 2017 2:18 PM"
"(764, 1132)",USS George H.W. Bush(CVN-77,4,"December 11, 2017 10:37 AM"
"(798, 3839)","(In port: Yokosuka, Japan)",5,"December 11, 2017 10:37 AM"
"(819, 1064)",USS lwo Jima (LHD-7,7,"December 11, 2017 10:37 AM"
"(829, 3772)",Theodore Roosevelt csg,6,"December 11, 2017 10:37 AM"
"(886, 2734)",America arg,9,"December 11, 2017 10:37 AM"
"(925, 2775)",America arg,9,"December 11, 2017 10:37 AM"
"(2122, 1282)",(LHD-1,14,"December 11, 2017 10:37 AM"
"(764, 1132)","USS Gerald R, Ford (cvN-78)",0,"December 11, 2017 10:37 AM"
"(764, 1132)",USS Harry S. Truman(CVN-75),1,"December 11, 2017 10:37 AM"
"(764, 1132)",USS Abraham Lincoln(CVN-72),2,"December 11, 2017 10:37 AM"
"(798, 3839)",Ronald Reagan CSg,3,"December 11, 2017 10:37 AM"
"(829, 3772)",Bonhomme richard esg,8,"December 11, 2017 10:37 AM"
"(829, 3772)","(In port: Sasebo, Japan)",10,"December 11, 2017 10:37 AM"
"(925, 2775)",15 MEU,11,"December 11, 2017 10:37 AM"
"(925, 2775)","(In port: Manama, Bahrain)",12,"December 11, 2017 10:37 AM"
"(2122, 1282)",USS Wasp,13,"December 11, 2017 10:37 AM"
"(795, 3839)","(In port: Yokosuka, Japan)",1,"December 18, 2017 12:13 PM"
"(826, 3772)",Theodore roosevelt csg,2,"December 18, 2017 12:13 PM"
"(882, 2734)",Bonhomme richard eSg,3,"December 18, 2017 12:13 PM"
"(1180, 3087)",America ARG,5,"December 18, 2017 12:13 PM"
"(1390, 699)",USS Wasp,7,"December 18, 2017 12:13 PM"
"(795, 3839)",Ronald reagan CSg,0,"December 18, 2017 12:13 PM"
"(826, 3772)","(In port: Sasebo, Japan)",4,"December 18, 2017 12:13 PM"
"(1180, 3087)",15 MEU,6,"December 18, 2017 12:13 PM"
"(1390, 699)",(LHD-1,8,"December 18, 2017 12:13 PM"
"(746, 1151)",USS Kearsarge(LHD-3),1,"November 20, 2017 3:02 PM"
"(753, 3760)",Ronald reagan CSG,2,"November 20, 2017 3:02 PM"
"(901, 2761)",15 MEU,4,"November 20, 2017 3:02 PM"
"(933, 1060)",USS Wasp(LHD-1,5,"November 20, 2017 3:02 PM"
"(1069, 4138)",Nimitz csg,6,"November 20, 2017 3:02 PM"
"(1221, 3500)",Theodore roosevelt csg,7,"November 20, 2017 3:02 PM"
"(746, 1151)",USS lwo Jima(LHD-7),0,"November 20, 2017 3:02 PM"
"(753, 3760)",America aRG,3,"November 20, 2017 3:02 PM"
"(737, 504)",(CVN-68),1,"December 5, 2017 9:49 AM"
"(763, 1135)",USS Gerald R. Ford( CVN-78),2,"December 5, 2017 9:49 AM"
"(797, 3842)",Ronald reagan CSg,4,"December 5, 2017 9:49 AM"
"(829, 3776)",Bonhomme richard esg,7,"December 5, 2017 9:49 AM"
"(852, 1063)",USS lwo Jima(LHD-7),6,"December 5, 2017 9:49 AM"
"(885, 2737)",15 MEU,5,"December 5, 2017 9:49 AM"
"(925, 2778)",Theodore roosevelt csg,8,"December 5, 2017 9:49 AM"
"(1463, 1656)",USS Wasp,9,"December 5, 2017 9:49 AM"
"(737, 504)",USS Nimitz,0,"December 5, 2017 9:49 AM"
"(885, 2737)",America ARG,3,"December 5, 2017 9:49 AM"
"(1463, 1656)",(LHD-1,10,"December 5, 2017 9:49 AM"
"(764, 1129)",USS Abraham Lincoln(CVN-72),0,"October 23, 2017 12:19 PM"
"(778, 3707)",Ronald Reagan CSg,1,"October 23, 2017 12:19 PM"
"(854, 1057)",USS George H.W. Bush(CVN-77),2,"October 23, 2017 12:19 PM"
"(894, 2742)",Nimitz CSG,4,"October 23, 2017 12:19 PM"
"(985, 4569)",USS Theodore roosevelt,5,"October 23, 2017 12:19 PM"
"(1078, 1147)",USS Kearsarge(LHD-3),6,"October 23, 2017 12:19 PM"
"(1123, 2721)",America arg,7,"October 23, 2017 12:19 PM"
"(854, 1057)",USS Harry S. Truman(CVN-75),3,"October 23, 2017 12:19 PM"
"(1123, 2721)",(CVN-71,8,"October 23, 2017 12:19 PM"
"(1078, 1147)",USS Wasp(LHD-1),9,"October 23, 2017 12:19 PM"
"(1123, 2721)",15 MEU,10,"October 23, 2017 12:19 PM"
"(826, 519)",USS Essex(LHD-2),1,"October 10, 2017 11:44 AM"
"(894, 2743)",Nimitz CSG,2,"October 10, 2017 11:44 AM"
"(988, 3568)",Ronald reagan CSG,5,"October 10, 2017 11:44 AM"
"(1053, 2617)",America arg,4,"October 10, 2017 11:44 AM"
"(1078, 1149)",USS Kearsarge(LHD-3),3,"October 10, 2017 11:44 AM"
"(826, 519)",USS Theodore roosevelt(CVN-71),0,"October 10, 2017 11:44 AM"
"(1053, 2617)",15 MEU,6,"October 10, 2017 11:44 AM"
"(1078, 1149)",USS Wasp(LHD-1),7,"October 10, 2017 11:44 AM"
"(819, 1092)",USS Gerald R. Ford(CVN-78),2,"October 3, 2017 7:41 AM"
"(828, 3785)",31 MEU,1,"October 3, 2017 7:41 AM"
"(895, 2745)",Nimitz CSG,3,"October 3, 2017 7:41 AM"
"(989, 3569)",Ronald reagan CSG,6,"October 3, 2017 7:41 AM"
"(1054, 2619)",America arg,5,"October 3, 2017 7:41 AM"
"(1079, 1152)",USS Kearsarge(LHD-3),4,"October 3, 2017 7:41 AM"
"(828, 3785)",Bonhomme richard ESg,0,"October 3, 2017 7:41 AM"
"(1054, 2619)",5 MEU,7,"October 3, 2017 7:41 AM"
"(1079, 1152)",USS Wasp(LHD-1),8,"October 3, 2017 7:41 AM"
"(735, 3765)",Ronald Reagan CSG,1,"October 16, 2017 11:31 AM"
"(768, 1132)",USS Harry S. Truman(CVN-75),0,"October 16, 2017 11:31 AM"
"(832, 184)",USS Theodore Roosevelt(CVN-71),2,"October 16, 2017 11:31 AM"
"(894, 2744)",Nimitz CSG,3,"October 16, 2017 11:31 AM"
"(1078, 1150)",USS Kearsarge(LHD-3),4,"October 16, 2017 11:31 AM"
"(1123, 2723)",America ARG,6,"October 16, 2017 11:31 AM"
"(1078, 1150)",USS Wasp(LHD-1),5,"October 16, 2017 11:31 AM"
"(1123, 2723)",15 MEU,7,"October 16, 2017 11:31 AM"
"(797, 3843)","(In port: Yokosuka, Japan)",1,"January 2, 2018 12:42 PM"
"(828, 3776)",Bonhomme richard esg,3,"January 2, 2018 12:42 PM"
"(885, 2736)",Theodore roosevelt Csg,2,"January 2, 2018 12:42 PM"
"(1086, 4543)",USS Wasp,5,"January 2, 2018 12:42 PM"
"(1269, 3886)",(LHD-1,6,"January 2, 2018 12:42 PM"
"(797, 3843)",Ronald reagan CSG,0,"January 2, 2018 12:42 PM"
"(1086, 4543)","(In port: Sasebo, Japan)",4,"January 2, 2018 12:42 PM"
"(1269, 3886)",America ARG,7,"January 2, 2018 12:42 PM"
"(1269, 3886)",15 MEU,8,"January 2, 2018 12:42 PM"
"(761, 1131)",USS Abraham Lincoln(CVN-72),0,"October 26, 2017 4:38 PM"
"(793, 3728)",Ronald Reagan CSG,1,"October 26, 2017 4:38 PM"
"(935, 4202)",Theodore roosevelt csg,5,"October 26, 2017 4:38 PM"
"(998, 2884)",15 MEU,4,"October 26, 2017 4:38 PM"
"(1075, 1149)",USS Kearsarge(LHD-3),6,"October 26, 2017 4:38 PM"
"(1244, 3106)",Nimitz CSg,8,"October 26, 2017 4:38 PM"
"(793, 3728)",America ARG,2,"October 26, 2017 4:38 PM"
"(761, 1131)",USS George H.W. Bush(CVN-77,3,"October 26, 2017 4:38 PM"
"(1075, 1149)",USS Wasp(LHD-1),7,"October 26, 2017 4:38 PM"
"(1244, 3106)",USS Harry S. Truman(CVN-75),9,"October 26, 2017 4:38 PM"
"(716, 59)",Carl Vinson CSG,1,"January 16, 2018 10:47 AM"
"(791, 1138)",(CVN-78),3,"January 16, 2018 10:47 AM"
"(798, 3843)","(In port: Yokosuka, Japan)",4,"January 16, 2018 10:47 AM"
"(804, 508)",USS Essex,6,"January 16, 2018 10:47 AM"
"(829, 3776)",Theodore roosevelt csg,5,"January 16, 2018 10:47 AM"
"(885, 2737)",Bonhomme richard esg,7,"January 16, 2018 10:47 AM"
"(1103, 4460)",America ARG,10,"January 16, 2018 10:47 AM"
"(791, 1138)",USS Geraldr ford,0,"January 16, 2018 10:47 AM"
"(798, 3843)",Ronald Reagan CSG,2,"January 16, 2018 10:47 AM"
"(804, 508)",(LHD-2),8,"January 16, 2018 10:47 AM"
"(1103, 4460)","(In port: Sasebo, Japan)",9,"January 16, 2018 10:47 AM"
"(1103, 4460)",15 MEU,11,"January 16, 2018 10:47 AM"
"(742, 474)",Carl Vinson CSG,2,"January 8, 2018 1:09 PM"
"(796, 3839)","(In port: Yokosuka, Japan)",1,"January 8, 2018 1:09 PM"
"(826, 4108)",USS Wasp,4,"January 8, 2018 1:09 PM"
"(827, 3772)",Theodore roosevelt csg,3,"January 8, 2018 1:09 PM"
"(884, 2736)",Bonhomme Richard ESG (LHD-1,5,"January 8, 2018 1:09 PM"
"(1158, 4036)","(In port: Sasebo, Japan)",6,"January 8, 2018 1:09 PM"
"(796, 3839)",Ronald reagan CSG,0,"January 8, 2018 1:09 PM"
"(1158, 4036)",America ARG,7,"January 8, 2018 1:09 PM"
"(1158, 4036)",15 MEU,8,"January 8, 2018 1:09 PM"
"(797, 2462)",Iwo jind ARI,2,"March 12, 2018 12:16 PM"
"(797, 3835)",Bonhomme richard esg,4,"March 12, 2018 12:16 PM"
"(824, 436)",USS ESSEx (LHD-2),1,"March 12, 2018 12:16 PM"
"(905, 2757)",Iwo jind ARI,2,"March 12, 2018 12:16 PM"
"(905, 3761)","Theodore Roosevelt(SG Okinldwd, Japan]",5,"March 12, 2018 12:16 PM"
"(957, 3814)","Theodore Roosevelt(SG Okinldwd, Japan]",5,"March 12, 2018 12:16 PM"
"(1088, 3615)",WusP ESG,6,"March 12, 2018 12:16 PM"
"(797, 3835)",onald Reagan(SG,0,"March 12, 2018 12:16 PM"
"(797, 3835)","rYokosiaka, la pan)",3,"March 12, 2018 12:16 PM"
"(1088, 3615)",Latt Vinsou(Sg,7,"March 12, 2018 12:16 PM"
"(792, 2491)","USS AhrahaT, L.incoir(CVrJ 72) (LImassol, Cyprus",2,"March 19, 2018 12:20 PM"
"(793, 1144)","USS AhrahaT, L.incoir(CVrJ 72) (LImassol, Cyprus",2,"March 19, 2018 12:20 PM"
"(798, 3837)","(Yokosuka, japan)",3,"March 19, 2018 12:20 PM"
"(844, 490)",USS ESSex(LHD). 2),5,"March 19, 2018 12:20 PM"
"(882, 2721)",theodore Roosevelt CSG,6,"March 19, 2018 12:20 PM"
"(886, 3771)",Wasp Esg,4,"March 19, 2018 12:20 PM"
"(1049, 3733)",Car vinson CSG,8,"March 19, 2018 12:20 PM"
"(792, 2491)",JwO Fina ARG,0,"March 19, 2018 12:20 PM"
"(798, 3837)",Ronid rededn ity,1,"March 19, 2018 12:20 PM"
"(886, 3771)",Bonhorrne richard ESG,7,"March 19, 2018 12:20 PM"
"(710, 472)",∪ SS Essex{LHD2),3,"April 2, 2018 12:26 PM"
"(732, 1176)",uss (george H W Bush[ CV[4-77,0,"April 2, 2018 12:26 PM"
"(792, 3836)","[Yeakosukd, Dpd!",2,"April 2, 2018 12:26 PM"
"(881, 3770)",Wasp ESC,4,"April 2, 2018 12:26 PM"
"(926, 4445)",Cail vinson SG,7,"April 2, 2018 12:26 PM"
"(1106, 2750)",w合;ARG1,8,"April 2, 2018 12:26 PM"
"(1284, 3514)",ThO续 ra Roosevelt Ls,9,"April 2, 2018 12:26 PM"
"(792, 3836)",Ronald Redd(SG,1,"April 2, 2018 12:26 PM"
"(732, 1176)",USS John (. Stennis (CVrd. 74),5,"April 2, 2018 12:26 PM"
"(881, 3770)",Bonhomme richard ESU,6,"April 2, 2018 12:26 PM"
"(792, 2493)","[Limassol, Cyprus]",4,"March 26, 2018 11:03 AM"
"(793, 1148)",丿ss〔 herge H w.Bush〔VN77,3,"March 26, 2018 11:03 AM"
"(797, 3838)","Yokosuka, apank",5,"March 26, 2018 11:03 AM"
"(886, 3771)",Wasp Esg,6,"March 26, 2018 11:03 AM"
"(950, 2865)",omho; me Richar(ES〔,7,"March 26, 2018 11:03 AM"
"(1054, 3976)",C ari vinson(5t?,9,"March 26, 2018 11:03 AM"
"(793, 1148)",USS Abrshan LincoIn (CVN-72,0,"March 26, 2018 11:03 AM"
"(792, 2493)",Jwo ima Arg,1,"March 26, 2018 11:03 AM"
"(797, 3838)",Ronald reagan (Si),2,"March 26, 2018 11:03 AM"
"(950, 2865)",Theodore roosevelt tsg,8,"March 26, 2018 11:03 AM"
"(780, 2480)",Harry S. Truman CSG Wasp ESG,2,"May 21, 2018 10:38 AM"
"(793, 3839)","(Sasebo, Japan)",4,"May 21, 2018 10:38 AM"
"(799, 1104)",USS Gerald R. Ford(CvN-78,1,"May 21, 2018 10:38 AM"
"(828, 3773)","(Yokosuka, Japan)",3,"May 21, 2018 10:38 AM"
"(885, 2530)",Iwo Jima Arg,5,"May 21, 2018 10:38 AM"
"(1122, 3557)",USNS Mercy(T-AH-19,6,"May 21, 2018 10:38 AM"
"(793, 3839)",Ronald Reagan CSg,0,"May 21, 2018 10:38 AM"
"(1122, 3557)","(Nha Trang, vietnam)",7,"May 21, 2018 10:38 AM"
"(789, 2483)",Harry s. Truman CSG Wasp ESG,1,"May 28, 2018 10:26 AM"
"(802, 3842)","(Sasebo, Japan)",3,"May 28, 2018 10:26 AM"
"(836, 3777)","Yokosuka, Japan)",2,"May 28, 2018 10:26 AM"
"(893, 2534)",Iwo Jima ARg,4,"May 28, 2018 10:26 AM"
"(1143, 3553)",USNS Mercy(T-AH-19,5,"May 28, 2018 10:26 AM"
"(802, 3842)",Ronald Reagan cSg,0,"May 28, 2018 10:26 AM"
"(1143, 3553)",(Nha Trang Vietnam,6,"May 28, 2018 10:26 AM"
"(689, 464)",USS Essex(LHD-2),1,"June 4, 2018 10:42 AM"
"(757, 2316)",Harry S. Truman CSG,0,"June 4, 2018 10:42 AM"
"(779, 1140)",USS Gerald Ford (CVN-78,3,"June 4, 2018 10:42 AM"
"(831, 3778)","(Sasebo, Japan)",4,"June 4, 2018 10:42 AM"
"(845, 3857)",Ronald reagan CSg,5,"June 4, 2018 10:42 AM"
"(934, 2554)",Iwo Jima ARG,6,"June 4, 2018 10:42 AM"
"(831, 3778)",Wasp ESG,2,"June 4, 2018 10:42 AM"
"(675, 1187)","(Earle, N.J.)",1,"June 11, 2018 11:39 AM"
"(753, 2312)",USS Essex(LHD-2) USS George H.W. Bush(CVN-77),6,"June 11, 2018 11:39 AM"
"(776, 1136)",USS Essex(LHD-2) USS George H.W. Bush(CVN-77),6,"June 11, 2018 11:39 AM"
"(780, 3839)","Sasebo, Japan)",7,"June 11, 2018 11:39 AM"
"(797, 501)","(Earle, N.J.)",1,"June 11, 2018 11:39 AM"
"(828, 3773)",Ronald reagan csg,8,"June 11, 2018 11:39 AM"
"(864, 3842)",Ronald reagan csg,8,"June 11, 2018 11:39 AM"
"(1111, 2710)",Iwo Jima ARG,9,"June 11, 2018 11:39 AM"
"(675, 1187)",USS Kearsarge(LHD-4),0,"June 11, 2018 11:39 AM"
"(780, 3839)",USNS Mercy(T-AH-19),2,"June 11, 2018 11:39 AM"
"(753, 2312)",Harry s. truman CSg,3,"June 11, 2018 11:39 AM"
"(780, 3839)",Wasp ESG,4,"June 11, 2018 11:39 AM"
"(780, 3839)","(Yokosuka, Japan)",5,"June 11, 2018 11:39 AM"
"(748, 1139)",Iwo Jima ARG,2,"July 23, 2018 9:11 AM"
"(759, 1983)",USS George H W. Bush(CVN-77,0,"July 23, 2018 9:11 AM"
"(781, 3869)",USS Bonhomme Richard (LHD-6),3,"July 23, 2018 9:11 AM"
"(819, 3731)",Wasp ESG Ronald Reagan CSG,1,"July 23, 2018 9:11 AM"
"(916, 4519)",Carl Vinson CSG,4,"July 23, 2018 9:11 AM"
"(1011, 4463)",USS Bonhomme Richard (LHD-6),3,"July 23, 2018 9:11 AM"
"(1011, 4463)",Essex ARG,5,"July 23, 2018 9:11 AM"
"(726, 1181)",Iwo Jima ARG,6,"August 6, 2018 11:35 AM"
"(777, 447)",USS John C Stennis(CVN-74),7,"August 6, 2018 11:35 AM"
"(777, 1157)",USS Boxer(LHD-4),3,"August 6, 2018 11:35 AM"
"(781, 3869)",Essex ARG,9,"August 6, 2018 11:35 AM"
"(788, 543)",USS John C Stennis(CVN-74),7,"August 6, 2018 11:35 AM"
"(819, 3730)",Essex ARG,9,"August 6, 2018 11:35 AM"
"(832, 3992)","(Sasebo, Japan)",8,"August 6, 2018 11:35 AM"
"(916, 4518)",Carl vinson csg,11,"August 6, 2018 11:35 AM"
"(726, 1181)",USS Abraham Lincoln(CVN-72),0,"August 6, 2018 11:35 AM"
"(726, 1181)",USS George H W. Bush(CVN-77,1,"August 6, 2018 11:35 AM"
"(781, 3869)",Ronald reagan csg,2,"August 6, 2018 11:35 AM"
"(781, 3869)",Wasp esG,4,"August 6, 2018 11:35 AM"
"(781, 3869)","(Yokosuka, Japan)",5,"August 6, 2018 11:35 AM"
"(788, 543)","(San Diego, Calif",10,"August 6, 2018 11:35 AM"
"(674, 489)",USS Abraham Lincoln(CVN-72),1,"July 30, 2018 11:20 AM"
"(736, 1153)",USS John C Stennis(CVN-74),0,"July 30, 2018 11:20 AM"
"(781, 3868)",Was,2,"July 30, 2018 11:20 AM"
"(819, 3730)",sp ESG Ronald Reagan CSG,3,"July 30, 2018 11:20 AM"
"(862, 1528)",Iwo Jima Arg,4,"July 30, 2018 11:20 AM"
"(892, 4251)",Essex ARg,5,"July 30, 2018 11:20 AM"
"(916, 4518)",Carl Vinson CSG,6,"July 30, 2018 11:20 AM"
"(955, 4476)",Carl Vinson CSG,6,"July 30, 2018 11:20 AM"
"(955, 4476)",USS Bonhomme Richard,7,"July 30, 2018 11:20 AM"
"(955, 4476)",(LHD-6),8,"July 30, 2018 11:20 AM"
"(747, 1181)",USS Abraham Lincoln(CVN-72),1,"August 13, 2018 12:57 PM"
"(774, 491)",USS John C Stennis (CVN-74),3,"August 13, 2018 12:57 PM"
"(781, 3875)",Wasp ESG,4,"August 13, 2018 12:57 PM"
"(913, 3743)","(Yokosuka, Japan)",2,"August 13, 2018 12:57 PM"
"(1246, 3733)",Essex arg,7,"August 13, 2018 12:57 PM"
"(781, 3875)",Ronald Reagan CSg,0,"August 13, 2018 12:57 PM"
"(774, 491)",USS Boxer(LHD-4),5,"August 13, 2018 12:57 PM"
"(774, 491)",USS Bonhomme Richard( LHD-6),6,"August 13, 2018 12:57 PM"
"(502, 1893)",USS Harry S. Truman (CVN-75),0,"September 24, 2018 12:09 PM"
"(771, 447)",USS Bonhomme Richard(LHD-6),2,"September 24, 2018 12:09 PM"
"(810, 1141)",USS George H.W. Bush(CVN-77,3,"September 24, 2018 12:09 PM"
"(1003, 3701)",Wasp ESG,4,"September 24, 2018 12:09 PM"
"(1118, 2736)",Essex ARG,5,"September 24, 2018 12:09 PM"
"(1122, 4013)",Ronald Reagan CSG,6,"September 24, 2018 12:09 PM"
"(502, 1893)",USS Carl Vinson(CVN-70),1,"September 24, 2018 12:09 PM"
"(443, 2126)",USS Harry S. Truman (CVN-75),0,"October 15, 2018 12:46 PM"
"(536, 1643)",USS lwo Jima(LHD-7),2,"October 15, 2018 12:46 PM"
"(641, 472)",USS John Stennis(CVN-74),1,"October 15, 2018 12:46 PM"
"(777, 1161)",USS Kearsarge(LHD-3),3,"October 15, 2018 12:46 PM"
"(820, 3718)",Ronald Reagan CSG,4,"October 15, 2018 12:46 PM"
"(884, 487)",USS Boxer(LHD-4),6,"October 15, 2018 12:46 PM"
"(894, 2763)",Essex ARg,5,"October 15, 2018 12:46 PM"
"(1003, 3644)",Wasp ESG,8,"October 15, 2018 12:46 PM"
"(884, 487)",USS Carl Vinson (CVN-70),7,"October 15, 2018 12:46 PM"
"(438, 2126)",USS Harry S. Truman (CVN-75),0,"October 1, 2018 11:30 AM"
"(766, 448)",USS Boxer(LHD-4),1,"October 1, 2018 11:30 AM"
"(1114, 2737)",Essex arg,2,"October 1, 2018 11:30 AM"
"(1119, 4013)",Ronald Reagan CSG,3,"October 1, 2018 11:30 AM"
"(1218, 3548)",Wasp ESG,4,"October 1, 2018 11:30 AM"
"(443, 2125)",USS Harry S. Truman(CVN-75,0,"October 8, 2018 12:14 PM"
"(771, 447)",USs Boxer(LHD-4),1,"October 8, 2018 12:14 PM"
"(809, 1113)",USS lwo Jima(LHD-7),2,"October 8, 2018 12:14 PM"
"(949, 2894)",Essex ARG,3,"October 8, 2018 12:14 PM"
"(1122, 4013)",Ronald Reagan CSG,4,"October 8, 2018 12:14 PM"
"(1301, 3485)",Wasp eSG,5,"October 8, 2018 12:14 PM"
"(284, 2188)",Harry s. Truman CSG,0,"October 22, 2018 12:16 PM"
"(374, 1896)",lwo Jima arg,1,"October 22, 2018 12:16 PM"
"(777, 1161)",USS Kearsarge(LHD-3,2,"October 22, 2018 12:16 PM"
"(790, 3668)",Wasp ESG,3,"October 22, 2018 12:16 PM"
"(884, 487)",USS Boxer(LHD-4),5,"October 22, 2018 12:16 PM"
"(894, 2763)",Essex aRg,4,"October 22, 2018 12:16 PM"
"(899, 3774)",Ronald Reagan cSg,6,"October 22, 2018 12:16 PM"
"(884, 487)",USS Carl Vinson(CVN-70),7,"October 22, 2018 12:16 PM"
"(884, 487)",USS John C Stennis(CVN-74),8,"October 22, 2018 12:16 PM"
"(728, 1158)",Iwo Jima ARG,4,"December 3, 2018 11:30 AM"
"(760, 2031)",Harry S. Truman CSG EsSeX arG,5,"December 3, 2018 11:30 AM"
"(792, 1118)",Iwo Jima ARG,4,"December 3, 2018 11:30 AM"
"(808, 3802)","Sasebo, Japan)",3,"December 3, 2018 11:30 AM"
"(887, 3851)",Ronald reagan CSg,6,"December 3, 2018 11:30 AM"
"(902, 2755)",Ronald reagan CSg,6,"December 3, 2018 11:30 AM"
"(1127, 1095)",USNS Comfort(T-AH-20),7,"December 3, 2018 11:30 AM"
"(1205, 3207)",John c. stennis CSG,8,"December 3, 2018 11:30 AM"
"(760, 2031)",USS Abraham Lincoln(CVN-72),0,"December 3, 2018 11:30 AM"
"(760, 2031)",USS George H.W. Bush (CVN-77,1,"December 3, 2018 11:30 AM"
"(808, 3802)",Wasp ESG,2,"December 3, 2018 11:30 AM"
"(730, 1158)",Harry S. Truman CSG Essex ARG,5,"December 10, 2018 10:43 AM"
"(755, 3881)","(Yokosuka, Japan)",3,"December 10, 2018 10:43 AM"
"(761, 1915)",Harry S. Truman CSG Essex ARG,5,"December 10, 2018 10:43 AM"
"(810, 3802)",Wasp ESG,6,"December 10, 2018 10:43 AM"
"(812, 501)",USS Carl Vinson(CVN-70),4,"December 10, 2018 10:43 AM"
"(904, 2755)",John c stennis CSG,7,"December 10, 2018 10:43 AM"
"(965, 2918)",John c stennis CSG,7,"December 10, 2018 10:43 AM"
"(1054, 926)",USNS Comfort (T-AH-20),9,"December 10, 2018 10:43 AM"
"(761, 1915)",USS Abraham Lincoln(CVN-72),0,"December 10, 2018 10:43 AM"
"(755, 3881)",Ronald Reagan CSG,1,"December 10, 2018 10:43 AM"
"(761, 1915)",USS George H W. Bush(CVN-77,2,"December 10, 2018 10:43 AM"
"(965, 2918)","(Sasebo, Japan)",8,"December 10, 2018 10:43 AM"
"(749, 3881)","(Yokosuka, Japan",1,"December 27, 2018 11:11 AM"
"(804, 3802)",Wasp ESG,4,"December 27, 2018 11:11 AM"
"(831, 1797)",Kearsarge ARG,2,"December 27, 2018 11:11 AM"
"(901, 2755)",John c. stennis CSG,3,"December 27, 2018 11:11 AM"
"(1183, 3068)",Essex ARg,6,"December 27, 2018 11:11 AM"
"(749, 3881)",Ronald Reagan CSG,0,"December 27, 2018 11:11 AM"
"(804, 3802)","(Sasebo, Japan)",5,"December 27, 2018 11:11 AM"
"(753, 3881)","(Yokosuka, Japan)",2,"December 31, 2018 8:08 AM"
"(760, 2030)",John c. stennis CSG,3,"December 31, 2018 8:08 AM"
"(808, 3802)",Wasp ESG,4,"December 31, 2018 8:08 AM"
"(904, 2755)",Essex ARG,5,"December 31, 2018 8:08 AM"
"(984, 2912)",Essex ARG,5,"December 31, 2018 8:08 AM"
"(753, 3881)",Ronald reagan csg,0,"December 31, 2018 8:08 AM"
"(760, 2030)",Kearsarge ARG,1,"December 31, 2018 8:08 AM"
"(984, 2912)","(Sasebo, Japan)",6,"December 31, 2018 8:08 AM"
"(745, 3881)","(Yokosuka, Japan)",1,"December 17, 2018 11:10 AM"
"(800, 3802)",Wasp ESG,4,"December 17, 2018 11:10 AM"
"(802, 523)",USS Boxer(LHD-4),2,"December 17, 2018 11:10 AM"
"(936, 2877)",ohn C stennis CSG,3,"December 17, 2018 11:10 AM"
"(1032, 2955)",Essex arg,6,"December 17, 2018 11:10 AM"
"(745, 3881)",Ronald Reagan CSg,0,"December 17, 2018 11:10 AM"
"(1032, 2955)","(Sasebo, Japan)",5,"December 17, 2018 11:10 AM"
"(721, 2160)",Abraham Lincoln CSG,0,"April 22, 2019 12:12 PM"
"(753, 3881)","(Yokosuka, Japan",2,"April 22, 2019 12:12 PM"
"(798, 2394)",Abraham Lincoln CSG,0,"April 22, 2019 12:12 PM"
"(831, 3767)",Wasp esG,5,"April 22, 2019 12:12 PM"
"(835, 496)",USS America(LHA-6),3,"April 22, 2019 12:12 PM"
"(921, 2776)",John c. stennis CSG,4,"April 22, 2019 12:12 PM"
"(753, 3881)",Ronald reagan CSG,1,"April 22, 2019 12:12 PM"
"(921, 2776)",Kearsarge ARG,6,"April 22, 2019 12:12 PM"
"(921, 2776)","Jebel Ali, UAE",7,"April 22, 2019 12:12 PM"
"(753, 3881)",Wasp esG,4,"March 11, 2019 11:16 AM"
"(770, 1151)",USS Theodore roosevelt,3,"March 11, 2019 11:16 AM"
"(811, 496)",USS Bataan(LHD-5,1,"March 11, 2019 11:16 AM"
"(825, 3768)","(Sasebo, Japan)",7,"March 11, 2019 11:16 AM"
"(1064, 2851)",Kearsarge arg,6,"March 11, 2019 11:16 AM"
"(1245, 3206)",John c stennis csG,8,"March 11, 2019 11:16 AM"
"(753, 3881)",Ronald reagan CSG,0,"March 11, 2019 11:16 AM"
"(753, 3881)","(Yokosuka, Japan)",2,"March 11, 2019 11:16 AM"
"(811, 496)",(CVN-71),5,"March 11, 2019 11:16 AM"
"(725, 2318)",Abraham Lincoln CSg,2,"May 6, 2019 9:32 AM"
"(734, 1180)",John c stennis csg,5,"May 6, 2019 9:32 AM"
"(753, 3881)","(Yokosuka, Japan",4,"May 6, 2019 9:32 AM"
"(767, 1851)",USS Harry S. Truman(CVN-75,1,"May 6, 2019 9:32 AM"
"(831, 3767)",Wasp esG,7,"May 6, 2019 9:32 AM"
"(836, 474)",USS Theodore Roosevelt( CvN-71,6,"May 6, 2019 9:32 AM"
"(913, 2770)",Kearsarge ARG,8,"May 6, 2019 9:32 AM"
"(725, 2318)",USS Dwight D. Eisenhower(CVN-69),0,"May 6, 2019 9:32 AM"
"(753, 3881)",Ronald reagan CSG,3,"May 6, 2019 9:32 AM"
"(836, 474)",Boxer Arg,9,"May 6, 2019 9:32 AM"
"(831, 3767)","(Sasebo, Japan)",10,"May 6, 2019 9:32 AM"
"(659, 2142)",USS Dwight D. Eisenhower (CVN-69,3,"April 29, 2019 11:22 AM"
"(753, 3881)","(Yokosuka, Japan",5,"April 29, 2019 11:22 AM"
"(785, 1160)",USS Theodore roosevelt(CvN-71,6,"April 29, 2019 11:22 AM"
"(798, 2394)",Abraham Lincoln CSg,4,"April 29, 2019 11:22 AM"
"(831, 3767)",Wasp esG,7,"April 29, 2019 11:22 AM"
"(835, 496)",USS Theodore roosevelt(CvN-71,6,"April 29, 2019 11:22 AM"
"(899, 2751)",Kearsarge arg,8,"April 29, 2019 11:22 AM"
"(659, 2142)",John C Stennis CSG,0,"April 29, 2019 11:22 AM"
"(659, 2142)","(Marseille, france)",1,"April 29, 2019 11:22 AM"
"(753, 3881)",Ronald Reagan CSG,2,"April 29, 2019 11:22 AM"
"(831, 3767)","(Sasebo, Japa",9,"April 29, 2019 11:22 AM"
"(831, 3767)",n),10,"April 29, 2019 11:22 AM"
